,time,mod_time
0,740389534.99502,0.0
1,740389535.99502,1.0
2,740389536.99502,2.0
3,740389537.99502,3.0
4,740389538.99502,4.0
5,740389539.99502,5.0
6,740389540.99502,6.0
7,740389541.99502,7.0
8,740389542.99502,8.0
9,740389543.99502,9.0
10,740389544.99502,10.0
11,740389545.99502,11.0
12,740389546.99502,12.0
13,740389547.99502,13.0
14,740389548.99502,14.0
15,740389549.99502,15.0
16,740389550.99502,16.0
17,740389551.99502,17.0
18,740389552.99502,18.0
19,740389553.99502,19.0
20,740389554.99502,20.0
21,740389555.99502,21.0
22,740389556.99502,22.0
23,740389557.99502,23.0
24,740389558.99502,24.0
25,740389559.99502,25.0
26,740389560.99502,26.0
27,740389561.99502,27.0
28,740389562.99502,28.0
29,740389563.99502,29.0
30,740389564.99502,30.0
31,740389565.99502,31.0
32,740389566.99502,32.0
33,740389567.99502,33.0
34,740389568.99502,34.0
35,740389569.99502,35.0
36,740389570.99502,36.0
37,740389571.99502,37.0
38,740389572.99502,38.0
39,740389573.99502,39.0
40,740389574.99502,40.0
41,740389575.99502,41.0
42,740389576.99502,42.0
43,740389577.99502,43.0
44,740389578.99502,44.0
45,740389579.99502,45.0
46,740389580.99502,46.0
47,740389581.99502,47.0
48,740389582.99502,48.0
49,740389583.99502,49.0
50,740389584.99502,50.0
51,740389585.99502,51.0
52,740389586.99502,52.0
53,740389587.99502,53.0
54,740389588.99502,54.0
55,740389589.99502,55.0
56,740389590.99502,56.0
57,740389591.99502,57.0
58,740389592.99502,58.0
59,740389593.99502,59.0
60,740389594.99502,60.0
61,740389595.99502,61.0
62,740389596.99502,62.0
63,740389597.99502,63.0
64,740389598.99502,64.0
65,740389599.99502,65.0
66,740389600.99502,66.0
67,740389601.99502,67.0
68,740389602.99502,68.0
69,740389603.99502,69.0
70,740389604.99502,70.0
71,740389605.99502,71.0
72,740389606.99502,72.0
73,740389607.99502,73.0
74,740389608.99502,74.0
75,740389609.99502,75.0
76,740389610.99502,76.0
77,740389611.99502,77.0
78,740389612.99502,78.0
79,740389613.99502,79.0
80,740389614.99502,80.0
81,740389615.99502,81.0
82,740389616.99502,82.0
83,740389617.99502,83.0
84,740389618.99502,84.0
85,740389619.99502,85.0
86,740389620.99502,86.0
87,740389621.99502,87.0
88,740389622.99502,88.0
89,740389623.99502,89.0
90,740389624.99502,90.0
91,740389625.99502,91.0
92,740389626.99502,92.0
93,740389627.99502,93.0
94,740389628.99502,94.0
95,740389629.99502,95.0
96,740389630.99502,96.0
97,740389631.99502,97.0
98,740389632.99502,98.0
99,740389633.99502,99.0
100,740389634.99502,100.0
101,740389635.99502,101.0
102,740389636.99502,102.0
103,740389637.99502,103.0
104,740389638.99502,104.0
105,740389639.99502,105.0
106,740389640.99502,106.0
107,740389641.99502,107.0
108,740389642.99502,108.0
109,740389643.99502,109.0
110,740389644.99502,110.0
111,740389645.99502,111.0
112,740389646.99502,112.0
113,740389647.99502,113.0
114,740389648.99502,114.0
115,740389649.99502,115.0
116,740389650.99502,116.0
117,740389651.99502,117.0
118,740389652.99502,118.0
119,740389653.99502,119.0
120,740389654.99502,120.0
121,740389655.99502,121.0
122,740389656.99502,122.0
123,740389657.99502,123.0
124,740389658.99502,124.0
125,740389659.99502,125.0
126,740389660.99502,126.0
127,740389661.99502,127.0
128,740389662.99502,128.0
129,740389663.99502,129.0
130,740389664.99502,130.0
131,740389665.99502,131.0
132,740389666.99502,132.0
133,740389667.99502,133.0
134,740389668.99502,134.0
135,740389669.99502,135.0
136,740389670.99502,136.0
137,740389671.99502,137.0
138,740389672.99502,138.0
139,740389673.99502,139.0
140,740389674.99502,140.0
141,740389675.99502,141.0
142,740389676.99502,142.0
143,740389677.99502,143.0
144,740389678.99502,144.0
145,740389679.99502,145.0
146,740389680.99502,146.0
147,740389681.99502,147.0
148,740389682.99502,148.0
149,740389683.99502,149.0
150,740389684.99502,150.0
151,740389685.99502,151.0
152,740389686.99502,152.0
153,740389687.99502,153.0
154,740389688.99502,154.0
155,740389689.99502,155.0
156,740389690.99502,156.0
157,740389691.99502,157.0
158,740389692.99502,158.0
159,740389693.99502,159.0
160,740389694.99502,160.0
161,740389695.99502,161.0
162,740389696.99502,162.0
163,740389697.99502,163.0
164,740389698.99502,164.0
165,740389699.99502,165.0
166,740389700.99502,166.0
167,740389701.99502,167.0
168,740389702.99502,168.0
169,740389703.99502,169.0
170,740389704.99502,170.0
171,740389705.99502,171.0
172,740389706.99502,172.0
173,740389707.99502,173.0
174,740389708.99502,174.0
175,740389709.99502,175.0
176,740389710.99502,176.0
177,740389711.99502,177.0
178,740389712.99502,178.0
179,740389713.99502,179.0
180,740389714.99502,180.0
181,740389715.99502,181.0
182,740389716.99502,182.0
183,740389717.99502,183.0
184,740389718.99502,184.0
185,740389719.99502,185.0
186,740389720.99502,186.0
187,740389721.99502,187.0
188,740389722.99502,188.0
189,740389723.99502,189.0
190,740389724.99502,190.0
191,740389725.99502,191.0
192,740389726.99502,192.0
